antecedents,consequents,antecedent support,consequent support,support,confidence,lift,representativity,leverage,conviction,zhangs_metric,jaccard,certainty,kulczynski
"frozenset({'NO2_HIGH', 'O3_HIGH'})","frozenset({'PM10_HIGH', 'PM2.5_HIGH'})",0.2434112717934856,0.20746046763076093,0.10687255034464117,0.4390616324264298,2.1163628783864197,1.0,0.056374334071766403,1.4128816607740655,0.6971967993175829,0.31067675081033297,0.29222664023246153,0.47710410611549503
"frozenset({'PM10_HIGH', 'PM2.5_HIGH'})","frozenset({'NO2_HIGH', 'O3_HIGH'})",0.20746046763076093,0.2434112717934856,0.10687255034464117,0.5151465798045602,2.1163628783864192,1.0,0.056374334071766403,1.5604483678831034,0.6655708872066558,0.31067675081033297,0.3591585466191392,0.47710410611549503
"frozenset({'NO2_HIGH', 'PM10_HIGH'})","frozenset({'O3_HIGH', 'PM2.5_HIGH'})",0.23310582511150155,0.21986079199891878,0.10687255034464117,0.4584722423539644,2.08528423001505,1.0,0.055621719016065,1.4406264443253372,0.6786452200553079,0.30879625109831105,0.3058575288972208,0.47228207169181236
"frozenset({'O3_HIGH', 'PM2.5_HIGH'})","frozenset({'NO2_HIGH', 'PM10_HIGH'})",0.21986079199891878,0.23310582511150155,0.10687255034464117,0.4860919010296604,2.08528423001505,1.0,0.055621719016065,1.4922788265548623,0.6671233297065843,0.30879625109831105,0.32988394514137676,0.47228207169181236
"frozenset({'PM10_HIGH', 'O3_HIGH'})","frozenset({'NO2_HIGH', 'PM2.5_HIGH'})",0.2379037707798351,0.2187119881065009,0.10687255034464117,0.4492259622212754,2.0539613128226275,1.0,0.054840143659350166,1.41852730576125,0.6733216790543901,0.3055743406434161,0.29504353145789336,0.4689355517888395
"frozenset({'NO2_HIGH', 'PM2.5_HIGH'})","frozenset({'PM10_HIGH', 'O3_HIGH'})",0.2187119881065009,0.2379037707798351,0.10687255034464117,0.4886451413564035,2.0539613128226275,1.0,0.054840143659350166,1.4903470972030597,0.6567820123284941,0.3055743406434161,0.3290153670398634,0.4689355517888395
"frozenset({'PM10_HIGH', 'PM2.5_HIGH', 'O3_HIGH'})",frozenset({'NO2_HIGH'}),0.1370117583457224,0.38106500878497096,0.10687255034464117,0.7800246609124537,2.046959555272653,1.0,0.054662163446984144,2.8136562661176483,0.5926738486951413,0.25990139687756775,0.6445905592512817,0.5302410944214689
frozenset({'NO2_HIGH'}),"frozenset({'PM10_HIGH', 'PM2.5_HIGH', 'O3_HIGH'})",0.38106500878497096,0.1370117583457224,0.10687255034464117,0.2804575279304841,2.046959555272653,1.0,0.054662163446984144,1.1993569179762098,0.8263720258501258,0.25990139687756775,0.1662198424740851,0.5302410944214689
frozenset({'NO2_HIGH'}),"frozenset({'PM2.5_HIGH', 'O3_HIGH'})",0.38106500878497096,0.21986079199891878,0.15586565752128667,0.4090264231246675,1.8603882002147933,1.0,0.07208440288674801,1.320091521055693,0.7472154331453899,0.3502125721226845,0.2424767646410698,0.558977634491487
"frozenset({'PM2.5_HIGH', 'O3_HIGH'})",frozenset({'NO2_HIGH'}),0.21986079199891878,0.38106500878497096,0.15586565752128667,0.7089288458583065,1.8603882002147933,1.0,0.07208440288674801,2.1264044286357944,0.5928144269720322,0.3502125721226845,0.5297225746272759,0.558977634491487
frozenset({'PM2.5_HIGH'}),"frozenset({'NO2_HIGH', 'PM10_HIGH', 'O3_HIGH'})",0.3513988376807677,0.16579943235572375,0.10687255034464117,0.3041346153846154,1.8343525732470098,1.0,0.04861082252670878,1.198795896573231,0.701276157688295,0.2604578392621871,0.16582964384637194,0.47436198876016994
"frozenset({'NO2_HIGH', 'PM10_HIGH', 'O3_HIGH'})",frozenset({'PM2.5_HIGH'}),0.16579943235572375,0.3513988376807677,0.10687255034464117,0.6445893621357245,1.8343525732470096,1.0,0.04861082252670878,1.8249345776952253,0.5452508049327436,0.2604578392621871,0.45203515116528975,0.47436198876016994
frozenset({'NO2_HIGH'}),"frozenset({'PM10_HIGH', 'O3_HIGH'})",0.38106500878497096,0.2379037707798351,0.16579943235572375,0.43509487497783295,1.8288691833324733,1.0,0.07514262985352817,1.3490694197370932,0.7322482039724219,0.3658663883089771,0.25874830059161796,0.5660064631954922
"frozenset({'PM10_HIGH', 'O3_HIGH'})",frozenset({'NO2_HIGH'}),0.2379037707798351,0.38106500878497096,0.16579943235572375,0.6969180514131516,1.828869183332473,1.0,0.07514262985352817,2.042137428840215,0.594693974744705,0.3658663883089771,0.5103169914632402,0.5660064631954922
"frozenset({'NO2_HIGH', 'O3_HIGH'})",frozenset({'PM2.5_HIGH'}),0.2434112717934856,0.3513988376807677,0.15586565752128667,0.6403387007218213,1.822256171784906,1.0,0.0703312195346584,1.8033665663248748,0.5964002891311637,0.3550919867600647,0.44548156837690267,0.5419481965147568
frozenset({'PM2.5_HIGH'}),"frozenset({'NO2_HIGH', 'O3_HIGH'})",0.3513988376807677,0.2434112717934856,0.15586565752128667,0.4435576923076923,1.822256171784906,1.0,0.0703312195346584,1.3596894372468895,0.695696774027142,0.3550919867600647,0.26453793593865943,0.5419481965147568
frozenset({'NO2_HIGH'}),"frozenset({'PM10_HIGH', 'PM2.5_HIGH'})",0.38106500878497096,0.20746046763076093,0.1403230166238681,0.3682390494768576,1.7749841870223253,1.0,0.06126709170361799,1.2544927503242496,0.705429011875624,0.31307953260459853,0.202865062598784,0.5223117071488522
"frozenset({'PM10_HIGH', 'PM2.5_HIGH'})",frozenset({'NO2_HIGH'}),0.20746046763076093,0.38106500878497096,0.1403230166238681,0.6763843648208469,1.774984187022325,1.0,0.06126709170361799,1.912562076527568,0.5509058935682846,0.31307953260459853,0.4771411541236916,0.5223117071488522
"frozenset({'NO2_HIGH', 'O3_HIGH', 'PM2.5_HIGH'})",frozenset({'PM10_HIGH'}),0.15586565752128667,0.3944451952966617,0.10687255034464117,0.68567092998049,1.7383173585491332,1.0,0.04539209062361466,1.9264995269631036,0.5031557532470167,0.2410088387686681,0.4809238279043957,0.4783074540257084
frozenset({'PM10_HIGH'}),"frozenset({'NO2_HIGH', 'O3_HIGH', 'PM2.5_HIGH'})",0.3944451952966617,0.15586565752128667,0.10687255034464117,0.27094397807092685,1.738317358549133,1.0,0.04539209062361466,1.157845648466279,0.7013915959920889,0.2410088387686681,0.13632702137402036,0.4783074540257084
"frozenset({'NO2_HIGH', 'O3_HIGH'})",frozenset({'PM10_HIGH'}),0.2434112717934856,0.3944451952966617,0.16579943235572375,0.6811493614658524,1.7268542489243932,1.0,0.06978702571573352,1.8991801537147803,0.5563291076109237,0.35122754276716056,0.4734570082548469,0.5507425751992616
frozenset({'PM10_HIGH'}),"frozenset({'NO2_HIGH', 'O3_HIGH'})",0.3944451952966617,0.2434112717934856,0.16579943235572375,0.4203357889326709,1.726854248924393,1.0,0.06978702571573352,1.3052189763680877,0.6950854468041403,0.35122754276716056,0.23384503435384632,0.5507425751992616
"frozenset({'NO2_HIGH', 'PM10_HIGH'})",frozenset({'PM2.5_HIGH'}),0.23310582511150155,0.3513988376807677,0.1403230166238681,0.6019713001884331,1.713071403882391,1.0,0.05840990062307014,1.6295336558049467,0.5427778493464732,0.31591358588163704,0.38632749533115585,0.5006491116326781
frozenset({'PM2.5_HIGH'}),"frozenset({'NO2_HIGH', 'PM10_HIGH'})",0.3513988376807677,0.23310582511150155,0.1403230166238681,0.3993269230769231,1.713071403882391,1.0,0.05840990062307014,1.2767247348872073,0.6417706213074028,0.31591358588163704,0.2167458084938369,0.5006491116326781
frozenset({'O3_HIGH'}),"frozenset({'NO2_HIGH', 'PM10_HIGH', 'PM2.5_HIGH'})",0.4500270306798216,0.1403230166238681,0.10687255034464117,0.23748029131316167,1.6923830247301548,1.0,0.043723399837366575,1.1274160832598172,0.7438860359181216,0.22104968900691874,0.11301602412075355,0.49954919935270414
"frozenset({'NO2_HIGH', 'PM10_HIGH', 'PM2.5_HIGH'})",frozenset({'O3_HIGH'}),0.1403230166238681,0.4500270306798216,0.10687255034464117,0.7616181073922466,1.6923830247301546,1.0,0.043723399837366575,2.3071088298855567,0.47589643542975546,0.22104968900691874,0.5665570747914805,0.49954919935270414
frozenset({'PM2.5_HIGH'}),"frozenset({'PM10_HIGH', 'O3_HIGH'})",0.3513988376807677,0.2379037707798351,0.1370117583457224,0.38990384615384616,1.6389141074803624,1.0,0.053412649813816576,1.249141179494045,0.6010471766492662,0.3029284326908711,0.19944997697934963,0.4829081792905291
"frozenset({'PM10_HIGH', 'O3_HIGH'})",frozenset({'PM2.5_HIGH'}),0.2379037707798351,0.3513988376807677,0.1370117583457224,0.5759125124272121,1.6389141074803624,1.0,0.053412649813816576,1.529404147317386,0.511536315804004,0.3029284326908711,0.3461505895913612,0.4829081792905291
frozenset({'NO2_HIGH'}),frozenset({'PM2.5_HIGH'}),0.38106500878497096,0.3513988376807677,0.2187119881065009,0.573949281787551,1.6333272061331114,1.0,0.08480618693865055,1.5223566927442875,0.6264838970049137,0.4257152252548504,0.3431237207639279,0.5981765639706986
frozenset({'PM2.5_HIGH'}),frozenset({'NO2_HIGH'}),0.3513988376807677,0.38106500878497096,0.2187119881065009,0.6224038461538461,1.6333272061331112,1.0,0.08480618693865055,1.6391453803504716,0.5978293407655767,0.4257152252548504,0.3899259870493083,0.5981765639706986
frozenset({'PM10_HIGH'}),"frozenset({'NO2_HIGH', 'PM2.5_HIGH'})",0.3944451952966617,0.2187119881065009,0.1403230166238681,0.3557478156587288,1.6265583735880949,1.0,0.054053123761478195,1.2127052587215408,0.6361190919809206,0.296770044304702,0.17539732527075805,0.49866797549505265
"frozenset({'NO2_HIGH', 'PM2.5_HIGH'})",frozenset({'PM10_HIGH'}),0.2187119881065009,0.3944451952966617,0.1403230166238681,0.6415881353313765,1.6265583735880946,1.0,0.054053123761478195,1.6895501081227193,0.4930383759236285,0.296770044304702,0.40812646207272724,0.49866797549505265
"frozenset({'NO2_HIGH', 'PM2.5_HIGH'})",frozenset({'O3_HIGH'}),0.2187119881065009,0.4500270306798216,0.15586565752128667,0.7126525567742933,1.5835772257896228,1.0,0.05743935093963762,1.9139650701126432,0.47168050549826857,0.3039067132222149,0.477524425280579,0.5294999400734595
frozenset({'O3_HIGH'}),"frozenset({'NO2_HIGH', 'PM2.5_HIGH'})",0.4500270306798216,0.2187119881065009,0.15586565752128667,0.3463473233726256,1.5835772257896226,1.0,0.05743935093963762,1.195264763428614,0.670066248610706,0.3039067132222149,0.1633652805663723,0.5294999400734595
frozenset({'O3_HIGH'}),"frozenset({'NO2_HIGH', 'PM10_HIGH'})",0.4500270306798216,0.23310582511150155,0.16579943235572375,0.368421052631579,1.5804884003021036,1.0,0.060895510046624926,1.2142491102401225,0.6678222557684376,0.3204885376526681,0.17644576259788572,0.5398417772217179
"frozenset({'NO2_HIGH', 'PM10_HIGH'})",frozenset({'O3_HIGH'}),0.23310582511150155,0.4500270306798216,0.16579943235572375,0.7112625018118568,1.5804884003021034,1.0,0.060895510046624926,1.904750760712807,0.4789242127656897,0.3204885376526681,0.47499692840349655,0.5398417772217179
"frozenset({'O3_HIGH', 'PM2.5_HIGH'})",frozenset({'PM10_HIGH'}),0.21986079199891878,0.3944451952966617,0.1370117583457224,0.6231750422621792,1.5798773814280842,1.0,0.050288725307630164,1.6069922977996016,0.4704794757903249,0.2870593232337534,0.37771948168683495,0.48526406730206784
frozenset({'PM10_HIGH'}),"frozenset({'O3_HIGH', 'PM2.5_HIGH'})",0.3944451952966617,0.21986079199891878,0.1370117583457224,0.3473530923419565,1.5798773814280842,1.0,0.050288725307630164,1.195346517155089,0.6061210030422279,0.2870593232337534,0.16342250079919202,0.48526406730206784
frozenset({'PM10_HIGH'}),frozenset({'NO2_HIGH'}),0.3944451952966617,0.38106500878497096,0.23310582511150155,0.5909713894123694,1.5508413939571275,1.0,0.08279656330058957,1.5131826361139789,0.5865509329948385,0.4297639070578708,0.3391412403673154,0.6013466629629678
frozenset({'NO2_HIGH'}),frozenset({'PM10_HIGH'}),0.38106500878497096,0.3944451952966617,0.23310582511150155,0.6117219365135662,1.5508413939571273,1.0,0.08279656330058957,1.559590565755709,0.5738708276631455,0.4297639070578708,0.3588060725954416,0.6013466629629678
frozenset({'SO2_HIGH'}),frozenset({'PM2.5_HIGH'}),0.23229490471685363,0.3513988376807677,0.12586160291931342,0.5418181818181819,1.5418895104895105,1.0,0.04423344340264637,1.4155977749030864,0.45778659070977407,0.27490774907749077,0.2935846483168843,0.4499956293706294
frozenset({'PM2.5_HIGH'}),frozenset({'SO2_HIGH'}),0.3513988376807677,0.23229490471685363,0.12586160291931342,0.3581730769230769,1.5418895104895105,1.0,0.04423344340264637,1.1961247926508947,0.5418508609875379,0.27490774907749077,0.16396683176864507,0.4499956293706294
frozenset({'PM10_HIGH'}),frozenset({'PM2.5_HIGH'}),0.3944451952966617,0.3513988376807677,0.20746046763076093,0.5259551139283879,1.4967468799831316,1.0,0.06885288447475058,1.3682273163922511,0.5480665947662454,0.3853395255428644,0.2691272948439554,0.5581698646565016
frozenset({'PM2.5_HIGH'}),frozenset({'PM10_HIGH'}),0.3513988376807677,0.3944451952966617,0.20746046763076093,0.5903846153846154,1.4967468799831314,1.0,0.06885288447475058,1.4783497579612017,0.511692514659338,0.3853395255428644,0.3235700857562257,0.5581698646565016
"frozenset({'PM10_HIGH', 'PM2.5_HIGH'})",frozenset({'O3_HIGH'}),0.20746046763076093,0.4500270306798216,0.1370117583457224,0.6604234527687297,1.4675195215964656,1.0,0.04364894011440383,1.6195846674464731,0.40197119080581983,0.26324331342508445,0.3825577506999646,0.4824378694882015
frozenset({'O3_HIGH'}),"frozenset({'PM10_HIGH', 'PM2.5_HIGH'})",0.4500270306798216,0.20746046763076093,0.1370117583457224,0.3044522862076733,1.4675195215964654,1.0,0.04364894011440383,1.139446678716094,0.5792613043890955,0.26324331342508445,0.12238104803045269,0.4824378694882015
frozenset({'SO2_HIGH'}),frozenset({'NO2_HIGH'}),0.23229490471685363,0.38106500878497096,0.12856467090147317,0.5534545454545454,1.4523887858904705,1.0,0.040045210994841346,1.3860514868414737,0.40572757082268757,0.26519375522720934,0.27852607966332166,0.4454185300423995
frozenset({'NO2_HIGH'}),frozenset({'SO2_HIGH'}),0.38106500878497096,0.23229490471685363,0.12856467090147317,0.33738251463025354,1.4523887858904703,1.0,0.040045210994841346,1.1585946828052087,0.5032501439383276,0.26519375522720934,0.1368853880989826,0.4454185300423995
frozenset({'SO2_HIGH'}),frozenset({'PM10_HIGH'}),0.23229490471685363,0.3944451952966617,0.1325854845249358,0.5707636363636364,1.4470036475773669,1.0,0.040957875467477034,1.4107723762573539,0.402389850628335,0.2683076923076923,0.29116842884824135,0.4534476054012802
frozenset({'PM10_HIGH'}),frozenset({'SO2_HIGH'}),0.3944451952966617,0.23229490471685363,0.1325854845249358,0.33613157443892405,1.4470036475773667,1.0,0.040957875467477034,1.1564115203013483,0.5101383660376296,0.2683076923076923,0.1352559340299457,0.4534476054012802
frozenset({'NO2_HIGH'}),frozenset({'O3_HIGH'}),0.38106500878497096,0.4500270306798216,0.2434112717934856,0.6387657386061358,1.4193941587046472,1.0,0.07192171739400499,1.5224828541956241,0.4773911104329405,0.41418961651239,0.34317815320926437,0.5898235930811293
frozenset({'O3_HIGH'}),frozenset({'NO2_HIGH'}),0.4500270306798216,0.38106500878497096,0.2434112717934856,0.5408814475561228,1.419394158704647,1.0,0.07192171739400499,1.3480940552727672,0.5372519727781903,0.41418961651239,0.2582119948613937,0.5898235930811293
frozenset({'O3_HIGH'}),frozenset({'SO2_HIGH'}),0.4500270306798216,0.23229490471685363,0.1455602108393026,0.32344770628425557,1.3924012094820113,1.0,0.041021224627524874,1.1347313465848659,0.5124182637986998,0.2711821729825003,0.11873413648997966,0.47503294405121865
frozenset({'SO2_HIGH'}),frozenset({'O3_HIGH'}),0.23229490471685363,0.4500270306798216,0.1455602108393026,0.6266181818181817,1.3924012094820113,1.0,0.041021224627524874,1.472950589823228,0.3670891281128224,0.2711821729825003,0.32109060079197066,0.47503294405121865
frozenset({'PM2.5_HIGH'}),frozenset({'O3_HIGH'}),0.3513988376807677,0.4500270306798216,0.21986079199891878,0.6256730769230769,1.3903011025313752,1.0,0.061721816493102294,1.469231667333639,0.43282584773420957,0.3780501975366024,0.31937214379894235,0.557111634189446
frozenset({'O3_HIGH'}),frozenset({'PM2.5_HIGH'}),0.4500270306798216,0.3513988376807677,0.21986079199891878,0.488550191455815,1.3903011025313752,1.0,0.061721816493102294,1.2681619026614583,0.510445719303673,0.3780501975366024,0.21145715077757352,0.557111634189446
frozenset({'PM10_HIGH'}),frozenset({'O3_HIGH'}),0.3944451952966617,0.4500270306798216,0.2379037707798351,0.6031351721774884,1.340219878051276,1.0,0.0603927707745561,1.3857941817059707,0.4192085919002543,0.3922125668449198,0.27839212113810563,0.565889231857946
frozenset({'O3_HIGH'}),frozenset({'PM10_HIGH'}),0.4500270306798216,0.3944451952966617,0.2379037707798351,0.5286432915384037,1.340219878051276,1.0,0.0603927707745561,1.2847060280095193,0.46157500669879925,0.3922125668449198,0.22161180986332976,0.565889231857946
